year,total_country_years,ons_covered_country_years,ons_coverage_pct
2018,196,167,85.20408163265306
2019,196,167,85.20408163265306
2020,194,166,85.56701030927834
2021,194,166,85.56701030927834
2022,195,168,86.15384615384616
2023,194,156,80.41237113402062
2024,193,159,82.38341968911918
